filename,time_train,time_total,MAE,RMSE,R,R2s,MAPE,NSE,KGE,PCD,KLD,VAF,A10,A20
ISLO-MLP-3-relu-1000-50,275.40171551704407,276.58224964141846,0.012,0.017,0.832,0.692,0.06,0.678,0.819,0.49,1.754,68.091,0.834,0.975
