filename,time_train,time_total,MAE,RMSE,R,R2s,MAPE,NSE,KGE,PCD,KLD,VAF,A10,A20
FBIO-ELM-2-elu-1000-100,3543.2574899196625,3544.215817928314,4.558,8.182,0.999,0.998,0.009,0.998,0.993,0.776,5.032,99.82,0.995,0.999
