filename,time_train,time_total,MAE,RMSE,R,R2s,MAPE,NSE,KGE,PCD,KLD,VAF,A10,A20
NRO-ELM-2-elu-1000-100,3305.488041162491,3306.4355838298798,4.538,8.113,0.999,0.998,0.009,0.998,0.993,0.779,4.801,99.823,0.995,0.999
