filename,time_train,time_total,MAE,RMSE,R,R2s,MAPE,NSE,KGE,PCD,KLD,VAF,A10,A20
HHO-ELM-2-elu-1000-100,2807.8201706409454,2811.5983822345734,0.092,0.121,0.785,0.616,0.114,0.615,0.679,0.824,2.689,61.525,0.553,0.871
