filename,time_train,time_total,MAE,RMSE,R,R2s,MAPE,NSE,KGE,PCD,KLD,VAF,A10,A20
HGS-ELM-2-elu-1000-100,3360.2460153102875,3363.7286293506622,0.11,0.146,0.681,0.464,0.138,0.439,0.598,0.597,2.79,45.392,0.496,0.8
