filename,time_train,time_total,MAE,RMSE,R,R2s,MAPE,NSE,KGE,PCD,KLD,VAF,A10,A20
NRO-ELM-2-elu-1000-100,12433.222715139389,12436.865636110306,0.103,0.137,0.724,0.524,0.129,0.508,0.65,0.68,2.454,51.809,0.514,0.834
