filename,time_train,time_total,MAE,RMSE,R,R2s,MAPE,NSE,KGE,PCD,KLD,VAF,A10,A20
TLO-ELM-2-elu-1000-100,6847.745466709137,6851.2216556072235,0.092,0.123,0.786,0.618,0.114,0.601,0.759,0.756,2.362,60.428,0.556,0.862
