filename,time_train,time_total,MAE,RMSE,R,R2s,MAPE,NSE,KGE,PCD,KLD,VAF,A10,A20
FPA-ELM-2-elu-1000-100,3417.2284002304077,3420.3666303157806,0.107,0.141,0.713,0.508,0.13,0.477,0.693,0.635,1.969,47.87,0.484,0.793
