Epoch,MSE
1,0.014418146271585814
2,0.0056220183367521066
3,0.004789330481094317
4,0.004067854654353655
5,0.003484335097598958
