filename,time_train,time_total,MAE,RMSE,R,R2s,MAPE,NSE,KGE,PCD,KLD,VAF,A10,A20
CL-PSO-MLP-3-relu-1000-50-1.2-0.4-0.9,458.72988843917847,459.5735921859741,0.152,0.204,0.458,0.21,0.189,-0.097,0.456,0.374,2.416,-8.051,0.369,0.666
