filename,time_train,time_total,MAE,RMSE,R,R2s,MAPE,NSE,KGE,PCD,KLD,VAF,A10,A20
SLO-MLP-3-relu-1000-50,193.5325062274933,194.49421572685242,0.159,0.21,0.44,0.194,0.19,-0.16,0.436,0.355,2.21,-11.996,0.323,0.599
