filename,time_train,time_total,MAE,RMSE,R,R2s,MAPE,NSE,KGE,PCD,KLD,VAF,A10,A20
ISLO-MLP-3-relu-1000-50,270.8216893672943,271.8501284122467,0.16,0.209,0.443,0.196,0.199,-0.151,0.441,0.398,2.166,-12.58,0.344,0.639
