filename,time_train,time_total,MAE,RMSE,R,R2s,MAPE,NSE,KGE,PCD,KLD,VAF,A10,A20
GA-ELM-2-elu-1000-100-0.85-0.05,3539.823982000351,3544.424958229065,0.011,0.015,0.879,0.773,0.05,0.76,0.868,0.539,1.493,76.872,0.881,0.982
