filename,time_train,time_total,MAE,RMSE,R,R2s,MAPE,NSE,KGE,PCD,KLD,VAF,A10,A20
FPA-ELM-2-elu-1000-100,3490.8630142211914,3495.057867527008,0.01,0.014,0.898,0.806,0.048,0.796,0.898,0.649,1.592,79.592,0.899,0.988
