filename,time_train,time_total,MAE,RMSE,R,R2s,MAPE,NSE,KGE,PCD,KLD,VAF,A10,A20
CL-PSO-ELM-2-elu-1000-100-1.2-0.4-0.9,4677.411214351654,4681.3404812812805,0.009,0.014,0.894,0.799,0.045,0.798,0.837,0.646,1.671,79.86,0.906,0.989
