filename,time_train,time_total,MAE,RMSE,R,R2s,MAPE,NSE,KGE,PCD,KLD,VAF,A10,A20
SMA-ELM-2-elu-1000-100,3423.0880444049835,3427.3837454319,0.007,0.01,0.946,0.895,0.032,0.895,0.929,0.707,1.446,89.482,0.953,0.998
