filename,time_train,time_total,MAE,RMSE,R,R2s,MAPE,NSE,KGE,PCD,KLD,VAF,A10,A20
GA-MLP-3-relu-1000-50-0.85-0.05,226.6767303943634,227.82233476638794,0.014,0.02,0.813,0.661,0.065,0.582,0.809,0.441,1.756,63.028,0.778,0.956
