filename,time_train,time_total,MAE,RMSE,R,R2s,MAPE,NSE,KGE,PCD,KLD,VAF,A10,A20
SMA-ELM-2-elu-1000-100,3443.259733915329,3446.8415236473083,0.16,0.215,0.36,0.13,0.198,-0.215,0.354,0.46,2.4,-20.5,0.357,0.631
