filename,time_train,time_total,MAE,RMSE,R,R2s,MAPE,NSE,KGE,PCD,KLD,VAF,A10,A20
SLO-ELM-2-elu-1000-100,3229.6203315258026,3232.811507463455,0.105,0.138,0.732,0.536,0.129,0.5,0.717,0.657,2.457,50.1,0.499,0.816
