filename,time_train,time_total,MAE,RMSE,R,R2s,MAPE,NSE,KGE,PCD,KLD,VAF,A10,A20
HHO-ELM-2-elu-1000-100,2964.983742713928,2968.2453989982605,0.087,0.115,0.813,0.661,0.108,0.655,0.675,0.817,2.834,65.557,0.574,0.889
