filename,time_train,time_total,MAE,RMSE,R,R2s,MAPE,NSE,KGE,PCD,KLD,VAF,A10,A20
GA-MLP-3-relu-1000-50-0.85-0.05,242.43585085868835,243.44160747528076,0.156,0.206,0.44,0.194,0.191,-0.121,0.44,0.355,2.179,-11.996,0.343,0.646
