filename,time_train,time_total,MAE,RMSE,R,R2s,MAPE,NSE,KGE,PCD,KLD,VAF,A10,A20
CL-PSO-MLP-3-relu-1000-50-1.2-0.4-0.9,474.28769755363464,474.9570429325104,0.151,0.194,0.515,0.265,0.194,0.004,0.471,0.449,3.0,13.751,0.359,0.671
