filename,time_train,time_total,MAE,RMSE,R,R2s,MAPE,NSE,KGE,PCD,KLD,VAF,A10,A20
FBIO-ELM-2-elu-1000-100,4129.6657371521,4132.11487865448,4.565,7.011,1.0,1.0,0.013,0.999,0.995,0.776,4.663,99.912,0.993,0.999
