filename,time_train,time_total,MAE,RMSE,R,R2s,MAPE,NSE,KGE,PCD,KLD,VAF,A10,A20
NRO-ELM-2-elu-1000-100,4280.520550251007,4281.4688448905945,4.606,7.099,1.0,1.0,0.013,0.999,0.996,0.777,4.65,99.909,0.993,0.999
