filename,time_train,time_total,MAE,RMSE,R,R2s,MAPE,NSE,KGE,PCD,KLD,VAF,A10,A20
HHO-ELM-2-elu-1000-100,4379.290422916412,4386.248095273972,4.659,7.115,1.0,1.0,0.013,0.999,0.995,0.763,4.574,99.909,0.994,0.999
