filename,time_train,time_total,MAE,RMSE,R,R2s,MAPE,NSE,KGE,PCD,KLD,VAF,A10,A20
SLO-MLP-3-relu-1000-50,204.98604440689087,206.07230973243713,0.152,0.201,0.449,0.202,0.188,-0.06,0.446,0.364,2.189,-5.474,0.347,0.649
