filename,time_train,time_total,MAE,RMSE,R,R2s,MAPE,NSE,KGE,PCD,KLD,VAF,A10,A20
MLP-20-1000-128,82.39068150520325,82.9263825416565,0.072,0.096,0.875,0.766,0.089,0.76,0.835,0.762,1.722,76.423,0.671,0.934
