filename,time_train,time_total,MAE,RMSE,R,R2s,MAPE,NSE,KGE,PCD,KLD,VAF,A10,A20
CL-PSO-MLP-3-relu-1000-50-1.2-0.4-0.9,507.8790953159332,508.81313395500183,0.118,0.157,0.661,0.437,0.145,0.35,0.658,0.53,2.242,34.994,0.443,0.765
