filename,time_train,time_total,MAE,RMSE,R,R2s,MAPE,NSE,KGE,PCD,KLD,VAF,A10,A20
SLO-MLP-3-relu-1000-50,509.41127467155457,512.3282907009125,16.382,25.378,0.992,0.984,0.031,0.983,0.988,0.532,4.998,98.324,0.957,0.991
