filename,time_train,time_total,MAE,RMSE,R,R2s,MAPE,NSE,KGE,PCD,KLD,VAF,A10,A20
CL-PSO-MLP-3-relu-1000-50-1.2-0.4-0.9,154.58159017562866,155.42056608200073,6.136,10.716,0.999,0.998,0.012,0.997,0.988,0.673,4.971,99.695,0.994,0.997
