filename,time_train,time_total,MAE,RMSE,R,R2s,MAPE,NSE,KGE,PCD,KLD,VAF,A10,A20
FPA-ELM-2-elu-2000-100,3653.175760269165,3654.5176281929016,0.137,0.179,0.477,0.228,0.172,0.155,0.408,0.357,2.807,16.113,0.395,0.696
