filename,time_train,time_total,MAE,RMSE,R,R2s,MAPE,NSE,KGE,PCD,KLD,VAF,A10,A20
CL-PSO-MLP-3-relu-1000-50-1.2-0.4-0.9,711.8415086269379,714.035989522934,6.364,9.638,0.999,0.998,0.018,0.998,0.998,0.64,4.866,99.834,0.988,0.997
