filename,time_train,time_total,MAE,RMSE,R,R2s,MAPE,NSE,KGE,PCD,KLD,VAF,A10,A20
GA-MLP-3-relu-1000-50-0.85-0.05,397.8946943283081,400.00630283355713,7.92,11.621,0.999,0.998,0.022,0.998,0.997,0.543,4.584,99.759,0.984,0.996
