filename,time_train,time_total,MAE,RMSE,R,R2s,MAPE,NSE,KGE,PCD,KLD,VAF,A10,A20
CL-PSO-MLP-3-relu-1000-50-1.2-0.4-0.9,469.96196365356445,470.938512802124,0.157,0.209,0.44,0.194,0.196,-0.145,0.438,0.355,2.359,-11.996,0.341,0.647
