filename,time_train,time_total,MAE,RMSE,R,R2s,MAPE,NSE,KGE,PCD,KLD,VAF,A10,A20
SLO-MLP-3-relu-1000-50,206.74778842926025,207.75941586494446,0.156,0.206,0.44,0.194,0.19,-0.12,0.44,0.355,0.855,-11.996,0.345,0.645
