filename,time_train,time_total,MAE,RMSE,R,R2s,MAPE,NSE,KGE,PCD,KLD,VAF,A10,A20
ISLO-ELM-2-elu-1000-100,3642.2657599449158,3649.2391018867493,4.564,8.266,0.999,0.998,0.009,0.998,0.992,0.766,4.957,99.816,0.995,0.999
