filename,time_train,time_total,MAE,RMSE,R,R2s,MAPE,NSE,KGE,PCD,KLD,VAF,A10,A20
FPA-ELM-2-elu-1000-100,6022.005589723587,6031.378825902939,6.017,10.331,0.999,0.998,0.012,0.997,0.998,0.656,4.683,99.713,0.993,0.998
