filename,time_train,time_total,MAE,RMSE,R,R2s,MAPE,NSE,KGE,PCD,KLD,VAF,A10,A20
NRO-ELM-2-elu-1000-100,11980.133432149887,11983.653815507889,0.099,0.132,0.739,0.546,0.124,0.539,0.626,0.698,2.867,54.537,0.541,0.834
