filename,time_train,time_total,MAE,RMSE,R,R2s,MAPE,NSE,KGE,PCD,KLD,VAF,A10,A20
SMA-ELM-2-elu-1000-100,3406.650258541107,3410.5216748714447,0.156,0.207,0.406,0.165,0.198,-0.126,0.372,0.443,2.826,-4.132,0.368,0.659
