filename,time_train,time_total,MAE,RMSE,R,R2s,MAPE,NSE,KGE,PCD,KLD,VAF,A10,A20
ISLO-ELM-2-elu-1000-100,6367.6006944179535,6374.913917303085,4.697,7.246,1.0,1.0,0.013,0.999,0.996,0.757,4.612,99.906,0.992,0.999
