filename,time_train,time_total,MAE,RMSE,R,R2s,MAPE,NSE,KGE,PCD,KLD,VAF,A10,A20
NRO-ELM-2-elu-1000-100,2934.413017511368,2935.3189754486084,4.601,7.096,1.0,1.0,0.013,0.999,0.996,0.775,4.648,99.91,0.993,0.999
