filename,time_train,time_total,MAE,RMSE,R,R2s,MAPE,NSE,KGE,PCD,KLD,VAF,A10,A20
CL-PSO-ELM-2-elu-1000-100-1.2-0.4-0.9,6521.620312452316,6529.230252742767,4.638,7.146,1.0,1.0,0.013,0.999,0.995,0.775,4.691,99.908,0.992,0.999
