filename,time_train,time_total,MAE,RMSE,R,R2s,MAPE,NSE,KGE,PCD,KLD,VAF,A10,A20
FBIO-ELM-2-elu-1000-100,4172.429778575897,4174.510541677475,4.603,7.062,1.0,1.0,0.013,0.999,0.996,0.773,4.486,99.91,0.993,0.999
