filename,time_train,time_total,MAE,RMSE,R,R2s,MAPE,NSE,KGE,PCD,KLD,VAF,A10,A20
CL-PSO-ELM-2-elu-1000-100-1.2-0.4-0.9,4684.3066511154175,4687.759469747543,0.09,0.119,0.796,0.634,0.113,0.627,0.716,0.713,2.555,63.391,0.565,0.879
