filename,time_train,time_total,MAE,RMSE,R,R2s,MAPE,NSE,KGE,PCD,KLD,VAF,A10,A20
FBIO-ELM-2-elu-1000-100,12107.871270656586,12111.44412612915,0.108,0.145,0.68,0.462,0.136,0.448,0.583,0.656,3.131,45.728,0.499,0.803
