filename,time_train,time_total,MAE,RMSE,R,R2s,MAPE,NSE,KGE,PCD,KLD,VAF,A10,A20
HHO-ELM-2-elu-1000-100,2777.952201604843,2782.258582353592,0.008,0.012,0.925,0.856,0.039,0.846,0.826,0.732,1.758,84.792,0.935,0.994
