filename,time_train,time_total,MAE,RMSE,R,R2s,MAPE,NSE,KGE,PCD,KLD,VAF,A10,A20
CL-PSO-ELM-2-elu-1000-100-1.2-0.4-0.9,4830.995738267899,4834.901784181595,0.01,0.014,0.888,0.789,0.046,0.789,0.855,0.63,1.527,78.861,0.906,0.987
