filename,time_train,time_total,MAE,RMSE,R,R2s,MAPE,NSE,KGE,PCD,KLD,VAF,A10,A20
FPA-ELM-2-elu-1000-100,3463.2672729492188,3467.675701379776,0.01,0.015,0.877,0.769,0.05,0.76,0.872,0.612,1.441,76.24,0.878,0.98
