filename,time_train,time_total,MAE,RMSE,R,R2s,MAPE,NSE,KGE,PCD,KLD,VAF,A10,A20
SMA-ELM-2-elu-1000-100,3525.134904384613,3529.0492131710052,0.009,0.013,0.911,0.83,0.041,0.828,0.882,0.652,1.701,82.997,0.931,0.992
