filename,time_train,time_total,MAE,RMSE,R,R2s,MAPE,NSE,KGE,PCD,KLD,VAF,A10,A20
ISLO-ELM-2-elu-1000-100,4259.32547545433,4263.741170883179,0.008,0.012,0.919,0.845,0.041,0.844,0.897,0.73,1.552,84.471,0.929,0.995
