filename,time_train,time_total,MAE,RMSE,R,R2s,MAPE,NSE,KGE,PCD,KLD,VAF,A10,A20
ISLO-MLP-3-relu-1000-50,489.78456258773804,491.9253988265991,7.506,11.07,0.999,0.998,0.021,0.998,0.995,0.53,4.617,99.78,0.983,0.997
