filename,time_train,time_total,MAE,RMSE,R,R2s,MAPE,NSE,KGE,PCD,KLD,VAF,A10,A20
GA-MLP-3-relu-1000-50-0.85-0.05,389.4081349372864,391.6096832752228,7.738,11.071,0.999,0.998,0.021,0.998,0.997,0.609,4.711,99.783,0.984,0.998
