filename,time_train,time_total,MAE,RMSE,R,R2s,MAPE,NSE,KGE,PCD,KLD,VAF,A10,A20
SMA-ELM-2-elu-1000-100,5209.134459495544,5216.849430799484,5.894,8.476,0.999,0.998,0.016,0.999,0.988,0.749,4.855,99.871,0.991,0.999
