filename,time_train,time_total,MAE,RMSE,R,R2s,MAPE,NSE,KGE,PCD,KLD,VAF,A10,A20
ISLO-MLP-3-relu-1000-50,689.4369819164276,692.4578602313995,6.705,12.206,0.998,0.996,0.013,0.996,0.998,0.582,4.137,99.6,0.992,0.997
