filename,time_train,time_total,MAE,RMSE,R,R2s,MAPE,NSE,KGE,PCD,KLD,VAF,A10,A20
SLO-MLP-3-relu-1000-50,205.20063018798828,206.4152581691742,0.012,0.019,0.811,0.658,0.059,0.625,0.811,0.44,0.809,62.511,0.842,0.962
