filename,time_train,time_total,MAE,RMSE,R,R2s,MAPE,NSE,KGE,PCD,KLD,VAF,A10,A20
SMA-ELM-2-elu-1000-100,5292.546822071075,5300.164571762085,5.816,8.422,0.999,0.998,0.016,0.999,0.989,0.74,4.731,99.873,0.993,0.999
