filename,time_train,time_total,MAE,RMSE,R,R2s,MAPE,NSE,KGE,PCD,KLD,VAF,A10,A20
FPA-ELM-2-elu-1000-100,5341.005445718765,5348.57790851593,6.319,9.27,0.999,0.998,0.017,0.998,0.997,0.644,4.717,99.846,0.989,0.998
