filename,time_train,time_total,MAE,RMSE,R,R2s,MAPE,NSE,KGE,PCD,KLD,VAF,A10,A20
TLO-ELM-2-elu-1000-100,10267.298015356064,10275.531064987183,4.567,7.056,1.0,1.0,0.013,0.999,0.996,0.774,4.602,99.911,0.993,0.999
