filename,time_train,time_total,MAE,RMSE,R,R2s,MAPE,NSE,KGE,PCD,KLD,VAF,A10,A20
GA-ELM-2-elu-1000-100-0.85-0.05,5287.791515111923,5295.237810611725,6.434,9.47,0.999,0.998,0.018,0.998,0.995,0.601,4.593,99.839,0.988,0.998
