filename,time_train,time_total,MAE,RMSE,R,R2s,MAPE,NSE,KGE,PCD,KLD,VAF,A10,A20
ISLO-MLP-3-relu-1000-50,555.4431464672089,557.5623743534088,6.413,11.938,0.998,0.996,0.013,0.996,0.997,0.592,4.712,99.617,0.992,0.997
