filename,time_train,time_total,MAE,RMSE,R,R2s,MAPE,NSE,KGE,PCD,KLD,VAF,A10,A20
SLO-ELM-2-elu-1000-100,6914.633989572525,6924.977432012558,6.219,11.064,0.998,0.996,0.012,0.997,0.99,0.648,4.936,99.671,0.993,0.997
