filename,time_train,time_total,MAE,RMSE,R,R2s,MAPE,NSE,KGE,PCD,KLD,VAF,A10,A20
CL-PSO-ELM-2-elu-1000-100-1.2-0.4-0.9,7024.406265258789,7033.535398483276,4.81,8.441,0.999,0.998,0.01,0.998,0.993,0.764,4.755,99.809,0.995,0.999
