filename,time_train,time_total,MAE,RMSE,R,R2s,MAPE,NSE,KGE,PCD,KLD,VAF,A10,A20
NRO-ELM-2-elu-1000-100,3334.8899149894714,3335.8633873462677,4.571,8.179,0.999,0.998,0.009,0.998,0.993,0.774,4.89,99.82,0.995,0.999
