filename,time_train,time_total,MAE,RMSE,R,R2s,MAPE,NSE,KGE,PCD,KLD,VAF,A10,A20
HGS-ELM-2-elu-1000-100,3437.2801666259766,3441.105751514435,0.101,0.134,0.734,0.539,0.127,0.526,0.61,0.679,2.988,53.884,0.523,0.838
