Epoch,MSE
1,0.013680842689164375
2,0.005962658742639899
3,0.005197234807562925
4,0.004593368678604736
5,0.004120657944897268
