filename,time_train,time_total,MAE,RMSE,R,R2s,MAPE,NSE,KGE,PCD,KLD,VAF,A10,A20
MLP-chebyshev-1000-128-sigmoid,75.14649510383606,75.27319145202637,0.416,0.458,0.44,0.194,0.538,-4.532,0.196,0.356,11.867,-11.998,0.057,0.165
