filename,time_train,time_total,MAE,RMSE,R,R2s,MAPE,NSE,KGE,PCD,KLD,VAF,A10,A20
MLP-36-legendre-1000-128-sigmoid,80.44483304023743,80.61338591575623,0.416,0.458,0.44,0.194,0.537,-4.524,0.196,0.355,12.033,-11.996,0.057,0.166
