filename,time_train,time_total,MAE,RMSE,R,R2s,MAPE,NSE,KGE,PCD,KLD,VAF,A10,A20
MLP-20-1000-128,82.38815760612488,82.92020034790039,0.015,0.017,0.954,0.91,0.073,0.699,0.862,0.765,2.895,91.002,0.859,0.995
