filename,time_train,time_total,MAE,RMSE,R,R2s,MAPE,NSE,KGE,PCD,KLD,VAF,A10,A20
ISLO-MLP-3-relu-1000-50,265.4729793071747,266.5197911262512,0.133,0.178,0.559,0.312,0.162,0.168,0.555,0.531,2.059,16.775,0.395,0.713
