filename,time_train,time_total,MAE,RMSE,R,R2s,MAPE,NSE,KGE,PCD,KLD,VAF,A10,A20
ISLO-MLP-3-relu-1000-50,513.8058929443359,515.350604057312,6.688,12.204,0.998,0.996,0.013,0.996,0.998,0.582,0.71,99.6,0.992,0.997
