filename,time_train,time_total,MAE,RMSE,R,R2s,MAPE,NSE,KGE,PCD,KLD,VAF,A10,A20
CL-PSO-MLP-3-relu-1000-50-1.2-0.4-0.9,152.43821001052856,153.25180006027222,6.071,10.971,0.998,0.996,0.012,0.997,0.995,0.642,5.108,99.677,0.993,0.997
