filename,time_train,time_total,MAE,RMSE,R,R2s,MAPE,NSE,KGE,PCD,KLD,VAF,A10,A20
ISLO-MLP-3-relu-1000-50,264.12619185447693,265.29900431632996,0.012,0.018,0.826,0.682,0.057,0.652,0.826,0.47,1.328,65.174,0.851,0.968
