filename,time_train,time_total,MAE,RMSE,R,R2s,MAPE,NSE,KGE,PCD,KLD,VAF,A10,A20
GA-MLP-3-relu-1000-50-0.85-0.05,546.8368482589722,549.7696168422699,7.394,12.4,0.998,0.996,0.015,0.996,0.983,0.615,4.884,99.621,0.992,0.997
