filename,time_train,time_total,MAE,RMSE,R,R2s,MAPE,NSE,KGE,PCD,KLD,VAF,A10,A20
GA-MLP-3-relu-1000-50-0.85-0.05,222.38223695755005,223.41817331314087,0.02,0.024,0.828,0.686,0.098,0.352,0.791,0.457,3.213,65.942,0.633,0.96
