filename,time_train,time_total,MAE,RMSE,R,R2s,MAPE,NSE,KGE,PCD,KLD,VAF,A10,A20
ISLO-ELM-2-elu-1000-100,332.91219186782837,333.3131513595581,0.105,0.143,0.704,0.496,0.13,0.464,0.67,0.687,2.282,46.823,0.527,0.807
