filename,time_train,time_total,MAE,RMSE,R,R2s,MAPE,NSE,KGE,PCD,KLD,VAF,A10,A20
FLNN-36-chebyshev-1000-128-tanh,284.22089672088623,284.3934350013733,0.092,0.117,0.828,0.686,0.11,0.637,0.822,0.733,2.111,65.579,0.529,0.832
