filename,time_train,time_total,MAE,RMSE,R,R2s,MAPE,NSE,KGE,PCD,KLD,VAF,A10,A20
CL-PSO-MLP-3-relu-1000-50-1.2-0.4-0.9,320.68621134757996,321.89453983306885,6.509,9.676,0.999,0.998,0.018,0.998,0.998,0.626,4.378,99.832,0.987,0.998
