filename,time_train,time_total,MAE,RMSE,R,R2s,MAPE,NSE,KGE,PCD,KLD,VAF,A10,A20
MLP-20-1000-128,84.47398447990417,85.17148447036743,0.073,0.096,0.873,0.762,0.089,0.758,0.847,0.765,2.171,75.916,0.665,0.93
