filename,time_train,time_total,MAE,RMSE,R,R2s,MAPE,NSE,KGE,PCD,KLD,VAF,A10,A20
ISLO-ELM-2-elu-1000-100,4520.577131032944,4523.744891405106,0.009,0.013,0.908,0.824,0.043,0.823,0.866,0.673,1.752,82.376,0.924,0.992
