filename,time_train,time_total,MAE,RMSE,R,R2s,MAPE,NSE,KGE,PCD,KLD,VAF,A10,A20
SLO-ELM-2-elu-1000-100,3251.8150713443756,3256.411298751831,0.012,0.016,0.862,0.743,0.056,0.724,0.862,0.564,1.399,72.488,0.847,0.982
