filename,time_train,time_total,MAE,RMSE,R,R2s,MAPE,NSE,KGE,PCD,KLD,VAF,A10,A20
GA-MLP-3-relu-1000-50-0.85-0.05,224.4453649520874,225.54836297035217,0.027,0.032,0.824,0.679,0.132,-0.08,0.742,0.575,4.19,64.888,0.281,0.722
