filename,time_train,time_total,MAE,RMSE,R,R2s,MAPE,NSE,KGE,PCD,KLD,VAF,A10,A20
SLO-MLP-3-relu-1000-50,367.6407837867737,369.75623512268066,8.111,11.854,0.999,0.998,0.022,0.997,0.999,0.524,4.704,99.748,0.984,0.996
