filename,time_train,time_total,MAE,RMSE,R,R2s,MAPE,NSE,KGE,PCD,KLD,VAF,A10,A20
FLNN-43-trigonometric-1000-256-elu,100.3764922618866,100.74422836303711,4.913,8.586,0.999,0.998,0.01,0.998,0.994,0.767,5.025,99.802,0.994,0.999
