filename,time_train,time_total,MAE,RMSE,R,R2s,MAPE,NSE,KGE,PCD,KLD,VAF,A10,A20
MLP-20-1000-128,78.83498048782349,79.33993864059448,0.01,0.013,0.945,0.893,0.047,0.829,0.929,0.716,1.794,89.208,0.918,0.995
