filename,time_train,time_total,MAE,RMSE,R,R2s,MAPE,NSE,KGE,PCD,KLD,VAF,A10,A20
MLP-20-1000-256,105.29888677597046,106.35595297813416,4.749,8.242,0.999,0.998,0.009,0.998,0.997,0.765,4.999,99.82,0.995,0.999
