filename,time_train,time_total,MAE,RMSE,R,R2s,MAPE,NSE,KGE,PCD,KLD,VAF,A10,A20
ISLO-ELM-2-elu-1000-100,4346.470859527588,4349.628501176834,0.111,0.148,0.66,0.436,0.139,0.424,0.556,0.665,2.765,43.051,0.492,0.792
