filename,time_train,time_total,MAE,RMSE,R,R2s,MAPE,NSE,KGE,PCD,KLD,VAF,A10,A20
FBIO-ELM-2-elu-1000-100,11534.9439535141,11538.732756614685,0.104,0.138,0.71,0.504,0.13,0.496,0.591,0.672,3.12,50.36,0.515,0.824
