filename,time_train,time_total,MAE,RMSE,R,R2s,MAPE,NSE,KGE,PCD,KLD,VAF,A10,A20
HHO-ELM-2-elu-1000-100,2814.186827659607,2817.7948417663574,0.087,0.114,0.815,0.664,0.108,0.656,0.67,0.804,2.599,65.775,0.584,0.889
