filename,time_train,time_total,MAE,RMSE,R,R2s,MAPE,NSE,KGE,PCD,KLD,VAF,A10,A20
NRO-ELM-2-elu-1000-100,12283.176082372665,12286.425458431244,0.09,0.121,0.79,0.624,0.113,0.614,0.698,0.744,2.683,62.408,0.584,0.87
