filename,time_train,time_total,MAE,RMSE,R,R2s,MAPE,NSE,KGE,PCD,KLD,VAF,A10,A20
GA-MLP-3-relu-1000-50-0.85-0.05,531.2939991950989,534.4027786254883,7.266,12.355,0.998,0.996,0.014,0.996,0.998,0.586,4.821,99.59,0.992,0.997
