filename,time_train,time_total,MAE,RMSE,R,R2s,MAPE,NSE,KGE,PCD,KLD,VAF,A10,A20
SLO-MLP-3-relu-1000-50,507.4661953449249,510.41453766822815,6.68,12.203,0.998,0.996,0.013,0.996,0.998,0.582,1.318,99.6,0.992,0.997
