filename,time_train,time_total,MAE,RMSE,R,R2s,MAPE,NSE,KGE,PCD,KLD,VAF,A10,A20
ISLO-MLP-3-relu-1000-50,322.63125562667847,324.2047770023346,6.683,12.204,0.998,0.996,0.013,0.996,0.998,0.582,0.453,99.6,0.992,0.997
