filename,time_train,time_total,MAE,RMSE,R,R2s,MAPE,NSE,KGE,PCD,KLD,VAF,A10,A20
GA-ELM-2-elu-1000-100-0.85-0.05,5716.512890338898,5727.235122680664,5.763,10.225,0.999,0.998,0.011,0.997,0.989,0.699,4.9,99.719,0.993,0.998
