filename,time_train,time_total,MAE,RMSE,R,R2s,MAPE,NSE,KGE,PCD,KLD,VAF,A10,A20
ISLO-ELM-2-elu-1000-100,3629.4402508735657,3635.869031190872,5.063,8.916,0.999,0.998,0.01,0.998,0.989,0.754,4.955,99.786,0.995,0.999
