filename,time_train,time_total,MAE,RMSE,R,R2s,MAPE,NSE,KGE,PCD,KLD,VAF,A10,A20
SMA-ELM-2-elu-1000-100,3543.5181772708893,3547.381684064865,0.008,0.011,0.929,0.863,0.038,0.863,0.902,0.664,1.634,86.355,0.943,0.995
