filename,time_train,time_total,MAE,RMSE,R,R2s,MAPE,NSE,KGE,PCD,KLD,VAF,A10,A20
FPA-ELM-2-elu-1000-100,3372.3642518520355,3376.4486351013184,0.011,0.015,0.885,0.783,0.053,0.765,0.884,0.643,1.628,76.734,0.875,0.987
