filename,time_train,time_total,MAE,RMSE,R,R2s,MAPE,NSE,KGE,PCD,KLD,VAF,A10,A20
FBIO-ELM-2-elu-1000-100,11954.800275802612,11958.593664884567,0.01,0.014,0.897,0.805,0.045,0.794,0.8,0.723,2.071,79.835,0.9,0.989
