filename,time_train,time_total,MAE,RMSE,R,R2s,MAPE,NSE,KGE,PCD,KLD,VAF,A10,A20
HHO-ELM-2-elu-1000-100,2894.6369161605835,2898.9057426452637,0.009,0.013,0.906,0.821,0.044,0.815,0.819,0.727,1.957,81.668,0.918,0.992
