filename,time_train,time_total,MAE,RMSE,R,R2s,MAPE,NSE,KGE,PCD,KLD,VAF,A10,A20
ISLO-MLP-3-relu-1000-50,263.4980721473694,264.58419036865234,0.012,0.017,0.851,0.724,0.056,0.698,0.85,0.552,1.529,70.054,0.846,0.976
