filename,time_train,time_total,MAE,RMSE,R,R2s,MAPE,NSE,KGE,PCD,KLD,VAF,A10,A20
SLO-ELM-2-elu-1000-100,3471.575169324875,3475.639538049698,0.011,0.016,0.85,0.722,0.055,0.707,0.845,0.522,1.601,70.947,0.869,0.978
