filename,time_train,time_total,MAE,RMSE,R,R2s,MAPE,NSE,KGE,PCD,KLD,VAF,A10,A20
GA-MLP-3-relu-1000-50-0.85-0.05,225.11161255836487,226.03246331214905,0.177,0.23,0.44,0.194,0.205,-0.396,0.411,0.355,3.033,-11.996,0.278,0.511
