filename,time_train,time_total,MAE,RMSE,R,R2s,MAPE,NSE,KGE,PCD,KLD,VAF,A10,A20
NRO-ELM-2-elu-1000-100,3270.634396314621,3271.596217393875,4.542,8.12,0.999,0.998,0.009,0.998,0.993,0.778,4.896,99.823,0.995,0.999
