filename,time_train,time_total,MAE,RMSE,R,R2s,MAPE,NSE,KGE,PCD,KLD,VAF,A10,A20
FBIO-FLNN-36-trigonometric-tanh-1000-100,603.7266402244568,604.1719424724579,0.084,0.112,0.826,0.682,0.103,0.671,0.809,0.757,2.204,67.164,0.599,0.888
