filename,time_train,time_total,MAE,RMSE,R,R2s,MAPE,NSE,KGE,PCD,KLD,VAF,A10,A20
HGS-FLNN-36-laguerre-elu-1000-100,1500.116352558136,1504.3947532176971,0.154,0.204,0.444,0.197,0.189,-0.098,0.444,0.351,2.055,-9.835,0.352,0.645
