filename,time_train,time_total,MAE,RMSE,R,R2s,MAPE,NSE,KGE,PCD,KLD,VAF,A10,A20
ISLO-MLP-3-relu-1000-50,295.7556519508362,297.0268132686615,0.012,0.019,0.811,0.658,0.059,0.624,0.811,0.44,1.639,62.511,0.835,0.963
