filename,time_train,time_total,MAE,RMSE,R,R2s,MAPE,NSE,KGE,PCD,KLD,VAF,A10,A20
ISLO-MLP-3-relu-1000-50,269.7913501262665,270.8522675037384,0.138,0.183,0.537,0.288,0.17,0.118,0.533,0.459,2.182,11.982,0.392,0.683
