filename,time_train,time_total,MAE,RMSE,R,R2s,MAPE,NSE,KGE,PCD,KLD,VAF,A10,A20
CL-PSO-MLP-3-relu-1000-50-1.2-0.4-0.9,157.37198781967163,158.45118880271912,6.477,9.408,0.999,0.998,0.018,0.998,0.997,0.648,4.714,99.841,0.985,0.998
