filename,time_train,time_total,MAE,RMSE,R,R2s,MAPE,NSE,KGE,PCD,KLD,VAF,A10,A20
ISLO-MLP-3-relu-1000-50,534.2575685977936,536.4772021770477,6.977,10.312,0.999,0.998,0.019,0.998,0.996,0.566,4.606,99.809,0.986,0.997
