filename,time_train,time_total,MAE,RMSE,R,R2s,MAPE,NSE,KGE,PCD,KLD,VAF,A10,A20
GA-MLP-3-relu-1000-50-0.85-0.05,545.4918315410614,548.30202293396,6.607,11.834,0.998,0.996,0.013,0.996,0.998,0.582,4.373,99.624,0.993,0.997
