filename,time_train,time_total,MAE,RMSE,R,R2s,MAPE,NSE,KGE,PCD,KLD,VAF,A10,A20
ISLO-MLP-3-relu-1000-50,274.00207138061523,275.68726205825806,6.646,12.009,0.998,0.996,0.013,0.996,0.997,0.621,4.799,99.613,0.992,0.997
