filename,time_train,time_total,MAE,RMSE,R,R2s,MAPE,NSE,KGE,PCD,KLD,VAF,A10,A20
CL-PSO-MLP-3-relu-1000-50-1.2-0.4-0.9,154.64671778678894,155.49764966964722,6.083,10.542,0.999,0.998,0.012,0.997,0.989,0.645,5.12,99.711,0.993,0.997
