filename,time_train,time_total,MAE,RMSE,R,R2s,MAPE,NSE,KGE,PCD,KLD,VAF,A10,A20
HHO-ELM-2-elu-1000-100,4418.130972146988,4425.001920461655,4.816,7.322,1.0,1.0,0.013,0.999,0.994,0.75,4.928,99.904,0.993,0.999
