filename,time_train,time_total,MAE,RMSE,R,R2s,MAPE,NSE,KGE,PCD,KLD,VAF,A10,A20
HGS-ELM-2-elu-1000-100,6324.791543245316,6331.910001754761,5.452,7.955,0.999,0.998,0.015,0.999,0.991,0.738,4.627,99.886,0.993,0.999
