filename,time_train,time_total,MAE,RMSE,R,R2s,MAPE,NSE,KGE,PCD,KLD,VAF,A10,A20
FPA-ELM-2-elu-1000-100,5269.713045120239,5277.304846048355,6.379,9.518,0.999,0.998,0.018,0.998,0.997,0.641,4.604,99.837,0.987,0.998
