filename,time_train,time_total,MAE,RMSE,R,R2s,MAPE,NSE,KGE,PCD,KLD,VAF,A10,A20
NRO-ELM-2-elu-1000-100,4233.3890953063965,4234.838718414307,4.616,7.095,1.0,1.0,0.013,0.999,0.996,0.772,4.551,99.91,0.993,0.999
