filename,time_train,time_total,MAE,RMSE,R,R2s,MAPE,NSE,KGE,PCD,KLD,VAF,A10,A20
CL-PSO-MLP-3-relu-1000-50-1.2-0.4-0.9,720.7551066875458,722.9349279403687,6.682,9.78,0.999,0.998,0.019,0.998,0.996,0.618,4.639,99.829,0.986,0.997
