filename,time_train,time_total,MAE,RMSE,R,R2s,MAPE,NSE,KGE,PCD,KLD,VAF,A10,A20
HGS-ELM-2-elu-1000-100,3317.319803714752,3321.5715680122375,0.012,0.017,0.834,0.696,0.058,0.684,0.825,0.519,1.813,68.371,0.839,0.975
