filename,time_train,time_total,MAE,RMSE,R,R2s,MAPE,NSE,KGE,PCD,KLD,VAF,A10,A20
FBIO-ELM-2-elu-1000-100,5681.553415775299,5684.120161056519,0.009,0.013,0.909,0.826,0.044,0.823,0.853,0.732,1.882,82.646,0.925,0.99
