filename,time_train,time_total,MAE,RMSE,R,R2s,MAPE,NSE,KGE,PCD,KLD,VAF,A10,A20
NRO-ELM-2-elu-1000-100,4889.872743368149,4891.939038515091,0.009,0.012,0.917,0.841,0.042,0.836,0.867,0.744,1.851,84.054,0.929,0.993
