filename,time_train,time_total,MAE,RMSE,R,R2s,MAPE,NSE,KGE,PCD,KLD,VAF,A10,A20
FPA-ELM-2-elu-1000-100,3552.603281021118,3556.9008581638336,0.01,0.014,0.895,0.801,0.049,0.78,0.894,0.618,1.494,79.244,0.884,0.986
