filename,time_train,time_total,MAE,RMSE,R,R2s,MAPE,NSE,KGE,PCD,KLD,VAF,A10,A20
GA-MLP-3-relu-1000-50-0.85-0.05,513.4673128128052,516.079033613205,7.338,11.94,0.998,0.996,0.015,0.996,0.982,0.612,4.891,99.654,0.992,0.997
