filename,time_train,time_total,MAE,RMSE,R,R2s,MAPE,NSE,KGE,PCD,KLD,VAF,A10,A20
MLP-20-1000-256,105.02141189575195,106.08747792243958,4.706,8.516,0.999,0.998,0.009,0.998,0.997,0.764,4.852,99.808,0.995,0.998
