filename,time_train,time_total,MAE,RMSE,R,R2s,MAPE,NSE,KGE,PCD,KLD,VAF,A10,A20
FBIO-ELM-2-elu-1000-100,10631.534392118454,10635.61119222641,0.009,0.013,0.91,0.828,0.043,0.821,0.82,0.754,1.765,82.346,0.914,0.994
