filename,time_train,time_total,MAE,RMSE,R,R2s,MAPE,NSE,KGE,PCD,KLD,VAF,A10,A20
TLO-ELM-2-elu-1000-100,6985.752891302109,6989.89791727066,0.009,0.013,0.9,0.81,0.045,0.809,0.838,0.763,1.821,80.858,0.919,0.993
