filename,time_train,time_total,MAE,RMSE,R,R2s,MAPE,NSE,KGE,PCD,KLD,VAF,A10,A20
ISLO-ELM-2-elu-1000-100,4346.10998249054,4350.329025506973,0.009,0.013,0.91,0.828,0.043,0.818,0.792,0.729,1.872,81.891,0.919,0.992
