filename,time_train,time_total,MAE,RMSE,R,R2s,MAPE,NSE,KGE,PCD,KLD,VAF,A10,A20
GA-MLP-3-relu-1000-50-0.85-0.05,218.7764778137207,219.82295870780945,0.147,0.195,0.507,0.257,0.175,-0.001,0.504,0.395,2.417,4.69,0.35,0.637
