filename,time_train,time_total,MAE,RMSE,R,R2s,MAPE,NSE,KGE,PCD,KLD,VAF,A10,A20
SLO-MLP-3-relu-1000-50,201.03873944282532,202.07181215286255,0.384,0.47,0.374,0.14,0.457,-4.81,-1.137,0.549,4.957,-220.301,0.122,0.237
