filename,time_train,time_total,MAE,RMSE,R,R2s,MAPE,NSE,KGE,PCD,KLD,VAF,A10,A20
FPA-ELM-2-elu-1000-100,5328.700523853302,5336.315004110336,5.986,8.959,0.999,0.998,0.017,0.999,0.997,0.669,4.647,99.856,0.987,0.998
