filename,time_train,time_total,MAE,RMSE,R,R2s,MAPE,NSE,KGE,PCD,KLD,VAF,A10,A20
MLP-20-1000-128,78.50537943840027,79.03997564315796,0.075,0.099,0.864,0.746,0.092,0.744,0.831,0.774,2.08,74.477,0.64,0.922
