filename,time_train,time_total,MAE,RMSE,R,R2s,MAPE,NSE,KGE,PCD,KLD,VAF,A10,A20
CL-PSO-MLP-3-relu-1000-50-1.2-0.4-0.9,155.83082628250122,156.69434094429016,6.212,10.994,0.998,0.996,0.012,0.997,0.988,0.663,5.119,99.676,0.994,0.997
