filename,time_train,time_total,MAE,RMSE,R,R2s,MAPE,NSE,KGE,PCD,KLD,VAF,A10,A20
ISLO-MLP-3-relu-1000-50,624.9118950366974,627.0129766464233,6.481,11.506,0.998,0.996,0.013,0.996,0.996,0.615,4.762,99.644,0.993,0.997
