filename,time_train,time_total,MAE,RMSE,R,R2s,MAPE,NSE,KGE,PCD,KLD,VAF,A10,A20
GA-MLP-3-relu-1000-50-0.85-0.05,404.2375683784485,406.1378252506256,7.049,10.426,0.999,0.998,0.019,0.998,0.993,0.626,4.551,99.806,0.986,0.997
