filename,time_train,time_total,MAE,RMSE,R,R2s,MAPE,NSE,KGE,PCD,KLD,VAF,A10,A20
ISLO-MLP-3-relu-1000-50,512.4637658596039,514.7628345489502,7.548,11.204,0.999,0.998,0.021,0.998,0.995,0.549,4.726,99.778,0.983,0.996
