filename,time_train,time_total,MAE,RMSE,R,R2s,MAPE,NSE,KGE,PCD,KLD,VAF,A10,A20
ISLO-MLP-3-relu-1000-50,261.68217253685,262.69741702079773,0.138,0.187,0.512,0.262,0.168,0.082,0.508,0.461,2.017,8.172,0.387,0.684
