filename,time_train,time_total,MAE,RMSE,R,R2s,MAPE,NSE,KGE,PCD,KLD,VAF,A10,A20
CL-PSO-MLP-3-relu-1000-50-1.2-0.4-0.9,471.3966369628906,472.3273253440857,0.156,0.207,0.44,0.194,0.192,-0.13,0.44,0.36,2.108,-12.779,0.341,0.647
