filename,time_train,time_total,MAE,RMSE,R,R2s,MAPE,NSE,KGE,PCD,KLD,VAF,A10,A20
GA-MLP-3-relu-1000-50-0.85-0.05,220.2880985736847,221.23899149894714,0.317,0.366,0.44,0.194,0.363,-2.529,0.142,0.355,7.433,-11.975,0.077,0.162
