filename,time_train,time_total,MAE,RMSE,R,R2s,MAPE,NSE,KGE,PCD,KLD,VAF,A10,A20
MLP-20-1000-128,77.67555952072144,78.17236351966858,0.077,0.099,0.868,0.753,0.092,0.74,0.865,0.766,2.292,74.523,0.62,0.901
