filename,time_train,time_total,MAE,RMSE,R,R2s,MAPE,NSE,KGE,PCD,KLD,VAF,A10,A20
GA-MLP-3-relu-1000-50-0.85-0.05,288.8239195346832,289.800409078598,0.157,0.208,0.44,0.194,0.189,-0.134,0.439,0.355,2.294,-11.996,0.332,0.619
