filename,time_train,time_total,MAE,RMSE,R,R2s,MAPE,NSE,KGE,PCD,KLD,VAF,A10,A20
GA-MLP-3-relu-1000-50-0.85-0.05,237.46469473838806,238.60113310813904,0.014,0.02,0.811,0.658,0.066,0.566,0.805,0.44,2.094,62.511,0.763,0.951
