filename,time_train,time_total,MAE,RMSE,R,R2s,MAPE,NSE,KGE,PCD,KLD,VAF,A10,A20
NRO-ELM-2-elu-1000-100,4242.056164264679,4243.435708999634,4.61,7.094,1.0,1.0,0.013,0.999,0.996,0.773,4.661,99.91,0.993,0.999
