filename,time_train,time_total,MAE,RMSE,R,R2s,MAPE,NSE,KGE,PCD,KLD,VAF,A10,A20
ISLO-ELM-2-elu-1000-100,6883.496057510376,6890.70036482811,4.82,7.37,1.0,1.0,0.014,0.999,0.995,0.768,4.725,99.902,0.992,0.999
