filename,time_train,time_total,MAE,RMSE,R,R2s,MAPE,NSE,KGE,PCD,KLD,VAF,A10,A20
CL-PSO-MLP-3-relu-1000-50-1.2-0.4-0.9,469.09999895095825,469.8661570549011,0.16,0.207,0.514,0.264,0.205,-0.124,0.477,0.406,2.811,9.216,0.348,0.663
