filename,time_train,time_total,MAE,RMSE,R,R2s,MAPE,NSE,KGE,PCD,KLD,VAF,A10,A20
ISLO-MLP-3-relu-1000-50,255.3418550491333,256.3361973762512,0.153,0.197,0.535,0.286,0.193,-0.025,0.517,0.484,2.48,9.946,0.368,0.677
