filename,time_train,time_total,MAE,RMSE,R,R2s,MAPE,NSE,KGE,PCD,KLD,VAF,A10,A20
FPA-ELM-2-elu-1000-100,3316.6672372817993,3320.462546825409,0.01,0.014,0.896,0.803,0.047,0.8,0.884,0.617,1.609,80.042,0.903,0.992
