filename,time_train,time_total,MAE,RMSE,R,R2s,MAPE,NSE,KGE,PCD,KLD,VAF,A10,A20
ISLO-ELM-2-elu-1000-100,4284.369316577911,4288.599520921707,0.009,0.013,0.909,0.826,0.044,0.824,0.897,0.732,1.793,82.54,0.91,0.993
