filename,time_train,time_total,MAE,RMSE,R,R2s,MAPE,NSE,KGE,PCD,KLD,VAF,A10,A20
GA-ELM-2-elu-1000-100-0.85-0.05,3532.2521934509277,3536.348140478134,0.011,0.015,0.869,0.755,0.053,0.744,0.849,0.563,1.364,75.092,0.881,0.983
