filename,time_train,time_total,MAE,RMSE,R,R2s,MAPE,NSE,KGE,PCD,KLD,VAF,A10,A20
JADE-ELM-2-elu-1000-100-0.5-0.5-0.1-0.1,4018.1422080993652,4022.5279791355133,0.008,0.011,0.929,0.863,0.039,0.862,0.875,0.774,1.665,86.219,0.95,0.995
