filename,time_train,time_total,MAE,RMSE,R,R2s,MAPE,NSE,KGE,PCD,KLD,VAF,A10,A20
MLP-20-1000-128,76.67490935325623,77.1849455833435,0.075,0.098,0.867,0.752,0.091,0.746,0.853,0.756,2.117,74.726,0.639,0.917
