filename,time_train,time_total,MAE,RMSE,R,R2s,MAPE,NSE,KGE,PCD,KLD,VAF,A10,A20
GA-ELM-2-elu-1000-100-0.85-0.05,6340.522903680801,6352.79979467392,6.012,10.377,0.999,0.998,0.012,0.997,0.986,0.693,4.998,99.711,0.994,0.998
