filename,time_train,time_total,MAE,RMSE,R,R2s,MAPE,NSE,KGE,PCD,KLD,VAF,A10,A20
SMA-ELM-2-elu-1000-100,6251.904950141907,6262.716111898422,5.067,8.95,0.999,0.998,0.01,0.998,0.99,0.748,4.655,99.785,0.995,0.999
