filename,time_train,time_total,MAE,RMSE,R,R2s,MAPE,NSE,KGE,PCD,KLD,VAF,A10,A20
NRO-ELM-2-elu-1000-100,3321.5775816440582,3322.534011363983,4.525,8.084,0.999,0.998,0.009,0.998,0.992,0.783,4.656,99.824,0.995,0.999
