filename,time_train,time_total,MAE,RMSE,R,R2s,MAPE,NSE,KGE,PCD,KLD,VAF,A10,A20
CL-PSO-MLP-3-relu-1000-50-1.2-0.4-0.9,534.0082101821899,535.2438156604767,0.013,0.019,0.812,0.659,0.061,0.62,0.811,0.44,1.521,62.563,0.846,0.964
