filename,time_train,time_total,MAE,RMSE,R,R2s,MAPE,NSE,KGE,PCD,KLD,VAF,A10,A20
MLP-20-1000-256,291.0187177658081,291.30897188186646,4.708,7.202,1.0,1.0,0.013,0.999,0.997,0.781,4.777,99.908,0.992,0.999
