filename,time_train,time_total,MAE,RMSE,R,R2s,MAPE,NSE,KGE,PCD,KLD,VAF,A10,A20
GA-MLP-3-relu-1000-50-0.85-0.05,390.52676033973694,392.6506164073944,7.988,11.445,0.999,0.998,0.022,0.998,0.993,0.575,4.724,99.773,0.987,0.997
