filename,time_train,time_total,MAE,RMSE,R,R2s,MAPE,NSE,KGE,PCD,KLD,VAF,A10,A20
CL-PSO-ELM-2-elu-1000-100-1.2-0.4-0.9,3443.3909437656403,3448.7716619968414,4.692,8.295,0.999,0.998,0.009,0.998,0.993,0.768,4.8,99.815,0.995,0.999
