filename,time_train,time_total,MAE,RMSE,R,R2s,MAPE,NSE,KGE,PCD,KLD,VAF,A10,A20
HGS-ELM-2-elu-1000-100,5914.499641656876,5924.934720277786,4.696,8.345,0.999,0.998,0.009,0.998,0.99,0.776,4.996,99.813,0.995,0.999
