filename,time_train,time_total,MAE,RMSE,R,R2s,MAPE,NSE,KGE,PCD,KLD,VAF,A10,A20
FBIO-ELM-2-elu-1000-100,3490.227112531662,3491.1548261642456,4.558,8.15,0.999,0.998,0.009,0.998,0.993,0.777,4.656,99.822,0.995,0.999
