filename,time_train,time_total,MAE,RMSE,R,R2s,MAPE,NSE,KGE,PCD,KLD,VAF,A10,A20
FPA-ELM-2-elu-1000-100,5783.294429779053,5791.964907407761,5.936,10.185,0.999,0.998,0.012,0.997,0.998,0.71,4.99,99.721,0.993,0.998
