filename,time_train,time_total,MAE,RMSE,R,R2s,MAPE,NSE,KGE,PCD,KLD,VAF,A10,A20
HHO-ELM-2-elu-1000-100,5667.113075971603,5676.993469715118,5.557,9.706,0.999,0.998,0.011,0.997,0.991,0.694,5.056,99.747,0.994,0.998
