filename,time_train,time_total,MAE,RMSE,R,R2s,MAPE,NSE,KGE,PCD,KLD,VAF,A10,A20
TLO-ELM-2-elu-1000-100,3119.4484984874725,3121.311098098755,4.458,8.055,0.999,0.998,0.009,0.998,0.993,0.772,4.739,99.826,0.995,0.999
