filename,time_train,time_total,MAE,RMSE,R,R2s,MAPE,NSE,KGE,PCD,KLD,VAF,A10,A20
ISLO-MLP-3-relu-1000-50,478.7591552734375,480.7371542453766,7.402,10.874,0.999,0.998,0.02,0.998,0.993,0.557,4.468,99.787,0.985,0.996
