filename,time_train,time_total,MAE,RMSE,R,R2s,MAPE,NSE,KGE,PCD,KLD,VAF,A10,A20
FPA-ELM-2-elu-1000-100,3343.304871559143,3346.8199546337128,0.132,0.175,0.565,0.319,0.164,0.198,0.546,0.486,2.497,21.117,0.406,0.722
