filename,time_train,time_total,MAE,RMSE,R,R2s,MAPE,NSE,KGE,PCD,KLD,VAF,A10,A20
ISLO-ELM-2-elu-1000-100,4196.834939241409,4199.953197002411,0.123,0.165,0.586,0.343,0.151,0.285,0.546,0.56,2.645,28.731,0.446,0.747
