filename,time_train,time_total,MAE,RMSE,R,R2s,MAPE,NSE,KGE,PCD,KLD,VAF,A10,A20
CL-PSO-ELM-2-elu-1000-100-1.2-0.4-0.9,4475.082958221436,4477.905241250992,0.108,0.145,0.696,0.484,0.134,0.449,0.656,0.632,2.447,45.823,0.492,0.812
