filename,time_train,time_total,MAE,RMSE,R,R2s,MAPE,NSE,KGE,PCD,KLD,VAF,A10,A20
TLO-ELM-2-elu-1000-100,6872.771029472351,6875.993309020996,0.09,0.119,0.796,0.634,0.111,0.628,0.753,0.792,2.508,62.852,0.564,0.862
