filename,time_train,time_total,MAE,RMSE,R,R2s,MAPE,NSE,KGE,PCD,KLD,VAF,A10,A20
ISLO-ELM-2-elu-1000-100,4220.188218355179,4223.083139419556,0.114,0.151,0.644,0.415,0.14,0.403,0.565,0.678,2.446,40.36,0.456,0.774
