filename,time_train,time_total,MAE,RMSE,R,R2s,MAPE,NSE,KGE,PCD,KLD,VAF,A10,A20
GA-ELM-2-elu-1000-100-0.85-0.05,3498.708701133728,3502.0003485679626,0.127,0.166,0.607,0.368,0.158,0.272,0.585,0.532,2.36,28.631,0.408,0.739
