filename,time_train,time_total,MAE,RMSE,R,R2s,MAPE,NSE,KGE,PCD,KLD,VAF,A10,A20
CL-PSO-MLP-3-relu-1000-50-1.2-0.4-0.9,554.2129919528961,555.394163608551,0.014,0.019,0.82,0.672,0.064,0.595,0.815,0.443,1.863,64.074,0.78,0.956
