filename,time_train,time_total,MAE,RMSE,R,R2s,MAPE,NSE,KGE,PCD,KLD,VAF,A10,A20
GA-MLP-3-relu-1000-50-0.85-0.05,222.51799416542053,223.5477123260498,0.019,0.024,0.811,0.658,0.092,0.392,0.786,0.44,3.418,62.511,0.685,0.957
