filename,time_train,time_total,MAE,RMSE,R,R2s,MAPE,NSE,KGE,PCD,KLD,VAF,A10,A20
SLO-ELM-2-elu-1000-100,5346.256290197372,5353.24828004837,6.369,9.507,0.999,0.998,0.018,0.998,0.997,0.644,4.649,99.838,0.986,0.997
