filename,time_train,time_total,MAE,RMSE,R,R2s,MAPE,NSE,KGE,PCD,KLD,VAF,A10,A20
FLNN-36-trigonometric-1000-128-elu,302.61370611190796,302.7982132434845,0.121,0.149,0.837,0.701,0.156,0.418,0.725,0.762,3.473,69.468,0.445,0.81
