filename,time_train,time_total,MAE,RMSE,R,R2s,MAPE,NSE,KGE,PCD,KLD,VAF,A10,A20
CL-PSO-MLP-3-relu-1000-50-1.2-0.4-0.9,154.15656328201294,155.04437232017517,6.524,10.749,0.999,0.998,0.013,0.997,0.988,0.678,5.091,99.692,0.993,0.998
