filename,time_train,time_total,MAE,RMSE,R,R2s,MAPE,NSE,KGE,PCD,KLD,VAF,A10,A20
HGS-ELM-2-elu-1000-100,4722.04990029335,4729.449735879898,4.724,8.414,0.999,0.998,0.009,0.998,0.992,0.765,4.711,99.81,0.995,0.999
