filename,time_train,time_total,MAE,RMSE,R,R2s,MAPE,NSE,KGE,PCD,KLD,VAF,A10,A20
ISLO-ELM-2-elu-1000-100,4326.616825580597,4330.393349170685,0.119,0.157,0.623,0.388,0.148,0.349,0.569,0.578,2.441,35.535,0.46,0.765
