filename,time_train,time_total,MAE,RMSE,R,R2s,MAPE,NSE,KGE,PCD,KLD,VAF,A10,A20
HGS-FLNN-36-power-tanh-1000-100,1489.568247795105,1493.4859101772308,0.14,0.186,0.462,0.213,0.174,0.09,0.423,0.449,2.799,9.566,0.401,0.69
