filename,time_train,time_total,MAE,RMSE,R,R2s,MAPE,NSE,KGE,PCD,KLD,VAF,A10,A20
TLO-FLNN-36-laguerre-tanh-1000-100,1082.2504212856293,1083.5294988155365,0.118,0.157,0.643,0.413,0.145,0.354,0.626,0.571,2.108,35.436,0.44,0.761
