filename,time_train,time_total,MAE,RMSE,R,R2s,MAPE,NSE,KGE,PCD,KLD,VAF,A10,A20
NRO-FLNN-36-laguerre-elu-1000-100,3447.777339696884,3449.1821327209473,0.108,0.142,0.705,0.497,0.133,0.47,0.675,0.63,2.251,47.056,0.483,0.791
