filename,time_train,time_total,MAE,RMSE,R,R2s,MAPE,NSE,KGE,PCD,KLD,VAF,A10,A20
MLP-20-1000-128,77.5767674446106,78.07693767547607,0.076,0.098,0.877,0.769,0.095,0.745,0.809,0.744,2.153,76.914,0.647,0.927
