filename,time_train,time_total,MAE,RMSE,R,R2s,MAPE,NSE,KGE,PCD,KLD,VAF,A10,A20
CL-PSO-MLP-3-relu-1000-50-1.2-0.4-0.9,659.2701835632324,661.0014958381653,7.362,10.856,0.999,0.998,0.02,0.998,0.995,0.58,4.587,99.788,0.982,0.996
