filename,time_train,time_total,MAE,RMSE,R,R2s,MAPE,NSE,KGE,PCD,KLD,VAF,A10,A20
CL-PSO-MLP-3-relu-1000-50-1.2-0.4-0.9,558.7069251537323,560.0140616893768,0.012,0.017,0.832,0.692,0.059,0.672,0.829,0.483,1.464,67.537,0.833,0.971
