filename,time_train,time_total,MAE,RMSE,R,R2s,MAPE,NSE,KGE,PCD,KLD,VAF,A10,A20
CL-PSO-MLP-3-relu-1000-50-1.2-0.4-0.9,473.7864761352539,474.72806549072266,0.159,0.209,0.44,0.194,0.19,-0.155,0.437,0.355,2.261,-11.996,0.329,0.599
