filename,time_train,time_total,MAE,RMSE,R,R2s,MAPE,NSE,KGE,PCD,KLD,VAF,A10,A20
JADE-ELM-2-elu-1000-100-0.5-0.5-0.1-0.1,3700.6817417144775,3703.944223165512,0.085,0.112,0.822,0.676,0.105,0.667,0.676,0.823,2.685,66.744,0.592,0.893
