filename,time_train,time_total,MAE,RMSE,R,R2s,MAPE,NSE,KGE,PCD,KLD,VAF,A10,A20
FBIO-ELM-2-elu-1000-100,3440.614482164383,3441.535459756851,4.528,8.125,0.999,0.998,0.009,0.998,0.993,0.778,4.777,99.823,0.995,0.999
