filename,time_train,time_total,MAE,RMSE,R,R2s,MAPE,NSE,KGE,PCD,KLD,VAF,A10,A20
GA-ELM-2-elu-1000-100-0.85-0.05,5767.052875518799,5777.5679705142975,5.752,9.814,0.999,0.998,0.011,0.997,0.989,0.676,4.932,99.742,0.994,0.998
