filename,time_train,time_total,MAE,RMSE,R,R2s,MAPE,NSE,KGE,PCD,KLD,VAF,A10,A20
SLO-MLP-3-relu-1000-50,508.25911045074463,510.99118423461914,6.701,12.206,0.998,0.996,0.013,0.996,0.998,0.582,3.661,99.6,0.992,0.997
