filename,time_train,time_total,MAE,RMSE,R,R2s,MAPE,NSE,KGE,PCD,KLD,VAF,A10,A20
MLP-20-1000-256,75.9096188545227,76.74118280410767,4.623,7.017,1.0,1.0,0.013,0.999,0.997,0.771,4.72,99.912,0.994,0.999
