filename,time_train,time_total,MAE,RMSE,R,R2s,MAPE,NSE,KGE,PCD,KLD,VAF,A10,A20
FPA-ELM-2-elu-1000-100,3360.3129036426544,3363.6434807777405,0.135,0.177,0.554,0.307,0.167,0.178,0.535,0.481,2.509,19.141,0.4,0.709
