filename,time_train,time_total,MAE,RMSE,R,R2s,MAPE,NSE,KGE,PCD,KLD,VAF,A10,A20
ISLO-ELM-2-elu-1000-100,4528.716248989105,4532.1161236763,0.121,0.16,0.599,0.359,0.15,0.322,0.533,0.572,2.559,32.82,0.439,0.75
