filename,time_train,time_total,MAE,RMSE,R,R2s,MAPE,NSE,KGE,PCD,KLD,VAF,A10,A20
FBIO-ELM-2-elu-1000-100,12243.852469682693,12247.792555809021,0.098,0.132,0.743,0.552,0.124,0.542,0.619,0.745,2.693,55.23,0.546,0.836
