filename,time_train,time_total,MAE,RMSE,R,R2s,MAPE,NSE,KGE,PCD,KLD,VAF,A10,A20
JADE-ELM-2-elu-1000-100-0.5-0.5-0.1-0.1,3641.1201140880585,3644.5066034793854,0.088,0.115,0.807,0.651,0.109,0.65,0.723,0.812,2.234,65.064,0.59,0.882
