filename,time_train,time_total,MAE,RMSE,R,R2s,MAPE,NSE,KGE,PCD,KLD,VAF,A10,A20
ISLO-MLP-3-relu-1000-50,315.7231180667877,317.7423343658447,6.598,11.899,0.998,0.996,0.013,0.996,0.997,0.594,4.975,99.62,0.993,0.997
