filename,time_train,time_total,MAE,RMSE,R,R2s,MAPE,NSE,KGE,PCD,KLD,VAF,A10,A20
MLP-20-1000-256,103.27596831321716,104.33465003967285,4.92,8.786,0.999,0.998,0.01,0.998,0.99,0.765,4.711,99.797,0.993,0.999
