filename,time_train,time_total,MAE,RMSE,R,R2s,MAPE,NSE,KGE,PCD,KLD,VAF,A10,A20
ISLO-MLP-3-relu-1000-50,253.9881353378296,255.16115522384644,0.012,0.019,0.811,0.658,0.059,0.625,0.811,0.44,1.515,62.511,0.842,0.962
