filename,time_train,time_total,MAE,RMSE,R,R2s,MAPE,NSE,KGE,PCD,KLD,VAF,A10,A20
GA-MLP-3-relu-1000-50-0.85-0.05,221.08840131759644,222.350661277771,0.014,0.02,0.811,0.658,0.065,0.576,0.806,0.44,1.945,62.511,0.777,0.954
